{"cameraMode":{"drawMode":0,"name":"Shaded","section":"Shading Mode"},"sceneLighting":true,"audioPlay":false,"sceneViewState":{"showFog":true,"showMaterialUpdate":false,"showSkybox":true,"showFlares":true,"showImageEffects":true,"showParticleSystems":true},"in2DMode":false,"pivot":{"x":-62.20749282836914,"y":88.5429458618164,"z":-49.934356689453128},"rotation":{"x":0.04314899817109108,"y":0.036555543541908267,"z":0.0015765370335429907,"w":-0.9984099268913269},"size":232.24771118164063,"orthographic":false}